{
  "map": {
    "肯定": 0,
    "可能": 1,
    "否定": 2
  },
  "prob": [
    0.9691259021651965,
    0.01764234161988773,
    0.013231756214915798
  ]
}