{
  "map": {
    "过去": 0,
    "将来": 1,
    "其他": 2,
    "现在": 3
  },
  "prob": [
    0.40056134723336007,
    0.020850040096230954,
    0.0028067361668003207,
    0.5757818765036087
  ]
}